{"cameraMode":{"drawMode":0,"name":"Shaded","section":"Shading Mode"},"sceneLighting":false,"audioPlay":false,"sceneViewState":{"m_AlwaysRefresh":false,"showFog":true,"showSkybox":false,"showFlares":true,"showImageEffects":true,"showParticleSystems":true,"showVisualEffectGraphs":true,"m_FxEnabled":true},"in2DMode":false,"pivot":{"x":-0.19760949909687043,"y":1.2197974920272828,"z":-1.757566213607788},"rotation":{"x":0.11371156573295593,"y":0.02741355262696743,"z":-0.0031375305261462929,"w":0.9931427240371704},"size":0.6870693564414978,"orthographic":false}