{"cameraMode":{"drawMode":0,"name":"Shaded","section":"Shading Mode"},"sceneLighting":true,"audioPlay":false,"sceneViewState":{"m_AlwaysRefresh":false,"showFog":true,"showSkybox":true,"showFlares":true,"showImageEffects":true,"showParticleSystems":true,"showVisualEffectGraphs":true,"m_FxEnabled":true},"in2DMode":false,"pivot":{"x":-15.884132385253907,"y":-14.009465217590332,"z":33.02156448364258},"rotation":{"x":0.180230975151062,"y":-0.24498982727527619,"z":0.046405792236328128,"w":0.9514991044998169},"size":26.580652236938478,"orthographic":false}